,Unnamed: 0,labels_text,tweet
0,0,__label__3,It is so cute that I can not get my heart back.
1,1,__label__3,I just came home from school.
2,2,__label__3,Are you coming to the top of Man of La Mancha?
3,3,__label__3,What are you doing here?
4,4,__label__3,Huckburn is right.
5,5,__label__3,I saw it.
6,6,__label__3,What a friend ask what shock
7,7,__label__3,It's a class from morning till morning.
8,8,__label__3,I do not want to search on youtube.
9,9,__label__3,It is a retreat.
10,10,__label__3,"If there are too many gold songs, then some of the album songs are not playful."
11,11,__label__3,Thank you very much.
12,12,__label__3,I can not leave the post on the other page with the update on the netbook. I can not move it. The traffic is gone. I am visiting. You are embarrassed.
13,13,__label__3,"I would appreciate it. I think it's good to go to the hospital. I'm worried about it. Also, look at my picture."
14,14,__label__3,"I think it's the same thing as a creative or a photographer, but it's just as good as a picture or a picture. ㅋ ㅋ ㅋ ㅋ ㅋ ㅋ ㅋ ㅋ ㅋ ㅋ ㅋ ㅋ ㅋ ㅋ ㅋ ㅋ ㅋ ㅋ ㅋ ㅋ ㅋ ㅋ ㅋ ㅋ ㅋ ㅋ ㅋ ㅋ ㅋ ㅋ ㅋ"
15,15,__label__3,I do not want to do it because I do not want you to be too hard on me. I do not want to get up when I wake up.
16,16,__label__3,How are you?
17,17,__label__3,This year ago I was just aged
18,18,__label__3,I am going to sleep in Sinasi today.
19,19,__label__3,Cheongwon Life Festival Yoochis Suhyeon Jun Gi Seo Eli Cheonggyum Yen is also Yukiji
20,20,__label__3,I'm sorry to say that I'm still sorry but I wanted to eat shellfish but I was sorry I could not eat it. I feel like I'm getting farther away. The weather is getting warmer. I am feeling so rushed.
21,21,__label__3,The horse is lost.
22,22,__label__3,The
23,23,__label__3,"I do not really do this kind of thing, but if Song Minjung is not able to do it, I would like to be my brother. I want to scribe myself down. I asked my sister today, but this is not her self."
24,24,__label__3,Is the emoticon visible only on the iPhone?
25,25,__label__3,It is for the big game.
26,26,__label__3,I do not know why it's not sleeping nowadays. I feel the day and night have changed. I am sleeping by now.
27,27,__label__3,ㅋㅋ ㅋ ㅋ ㅋ ㅋ ㅋ ㅋ ㅋ ㅠ ㅠ ㅠ ㅠ ㅠ ㅠ ㅠ ㅠ
28,28,__label__3,The trap that there is no time for performance
29,29,__label__3,It's a surprise. The guy looks really like Tae Hyun. It's the same as Tae Hyun.
30,30,__label__3,It's really fast.
31,31,__label__3,"ㅋ ㅋㅋㅋ ㅋㅋㅋ I was so surprised to come out of the room,"
32,32,__label__3,You bought something. Why is there such a big bill?
33,33,__label__3,I'm too tired ㅠ ㅠ ㅎ
34,34,__label__3,Jinu brother Satoshi brother Aaaaaaaaaaaaaaaaaaaaaaaaaaaaaaaaaaaaaaaaaaaaaaaaaaaaaaaaaaaaaaaaaaaaaaaaaaaaaaaaaaaaaaaaaaaaaaaaaaaaaaaaaaaaaaaaaaaaaaaaaaaaaaaaaaaaaaaaaaaaaaaaaaaaaaaaaaaaaaaaaaaaaaaaaaaaaaaaaaaaaaaaaaaaaaaaaaaaaaaaaaaaaaaaaaaaaaaaaaaaaaaaaaaaaaae
35,35,__label__3,I want to learn dance Dance dance Dance dance
36,36,__label__3,Ahhh
37,37,__label__3,Huck Beagle is great.
38,38,__label__3,Oh
39,39,__label__3,I have to go home tomorrow. No.
40,40,__label__3,"No, I'm on vacation."
41,41,__label__3,With a big hand
42,42,__label__3,All of them will commit suicide.
43,43,__label__3,I really can not see the first sight of the southern country diary Antarctica
44,44,__label__3,Photo recurrence
45,45,__label__3,It's a greek yogurt.It's sugar-free plain.I've been eating two kinds of sugar.It's nice.It's sugar-free.It's good.It's good.It's easy to get tired of it.It's better to eat small ones.It's sugar free.Plane shelf life.
46,46,__label__3,A common fear of a floor occupant
47,47,__label__3,"I do not know at all, but I want to try."
48,48,__label__3,The tour of Kim Ki-sa from Chuseok is like a panoramic lake going through winding and sloping mountain roads.
49,49,__label__3,This typhoon is more frightening than the aftermath of the storm.
50,50,__label__3,meat
51,51,__label__3,You've seen it.
52,52,__label__3,It's bad.
53,53,__label__3,You're okay now.
54,54,__label__3,The kerosene is leaking from my stove. I went to buy the stove yesterday. The stove is going to arrive today.
55,55,__label__3,"It's right. It's too crowded. If the performances are drained, they'll be able to rest on the weekend."
56,56,__label__3,nucleus
57,57,__label__3,Do not get mad
58,58,__label__3,"I spent a whole day at the same time, and I came to my house and spooned for dinner. I played some ending music in the midnight music city. Now it seems like I relaxed a bit."
59,59,__label__3,"Chung-guk, golden baby"
60,60,__label__3,What is this place?
61,61,__label__3,Haha haha ​​haha
62,62,__label__3,Light
63,63,__label__3,I am worried about the outside animals in the cold winter toughness. I am the worst person in my life. My friends are good at shawls.
64,64,__label__3,"When I think about it, it is good to drink to forget or to go sing karaoke and sing. I talked about Han River, but Han River is often going to be careful."
65,65,__label__3,Goodbye
66,66,__label__3,"When I finally came to my hand, it was a long time ago that I handed it to him and I did not give it to him. I will surely accept Neri's autograph and hand him over to his grandchildren."
67,67,__label__3,I thought she was a son.
68,68,__label__3,I'm going to have to work again.
69,69,__label__3,That's it.
70,70,__label__3,The phone effect is enormous.
71,71,__label__3,"Yeah, really."
72,72,__label__3,It is very mushy today.
73,73,__label__3,Hut I missed the meeting on Sunday. Then I can not see it again.
74,74,__label__3,I'll tell you in the lantern.
75,75,__label__3,"Nowadays, who do you like to treat you with a star, Essen Esstrania? Come on out on the internet."
76,76,__label__3,"I do not live in the United States, but I'm still too old."
77,77,__label__3,The Baruda verb is correct so that it does not skew or bend.
78,78,__label__3,I was crazy in the world.
79,79,__label__3,Dongtan Good Market Nine Musies Hyemi Exhausted
80,80,__label__3,"Oh, I'm really good here too, Mitchu."
81,81,__label__3,I do not have the confidence to withdraw this time. I will just meet this time and take it out completely next time.
82,82,__label__3,"Yesterday, our star Lee Seung-ki's happy present"
83,83,__label__3,Oh
84,84,__label__3,I do not know.
85,85,__label__3,It's so sexy.
86,86,__label__3,Hana expects to see a man of fire
87,87,__label__3,Time is too fast
88,88,__label__3,ㅇ ㅋㅋㅋ ㅋㅋㅋ ㅋㅋ ㅋㅋㅋ ㅋㅋㅋ ㅋㅋㅋ ㅋㅋㅋ ㅋㅋㅋ ㅋㅋㅋ ㅋㅋㅋ ㅋㅋㅋ ㅋㅋㅋ ㅋㅋㅋ
89,89,__label__3,I'm living a hundred million won.
90,90,__label__3,This older sister should come early because she has to go to work.
91,91,__label__3,"I mean, how long have you been used to it?"
92,92,__label__3,Seven minus too
93,93,__label__3,At least a few people die per hour due to the removal of organs of the living organism.
94,94,__label__3,I'm not sure if I can take the camera.
95,95,__label__3,I got on the last time and went to New York and there was a similar phenomenon that two of the three menus were exhausted and the flight attendants and the passengers were hurting.
96,96,__label__3,You have to have a longer hair. You have done a lot of time for a while. I do not do it now but I am transformed. I like it.
97,97,__label__3,ㅠ ㅠ Mom
98,98,__label__3,"I have already done so, but I have to go to work."
99,99,__label__3,I am.
100,100,__label__3,"Todd. I'm taking you to the poverty, Todd."
101,101,__label__3,"In the old days, when the indie band goes out in the festival, the Sogang University president calls the indie band instead of entertainer in the festival. Why is it controversial? Why was it controversial to call an entertainer instead of an indie band?"
102,102,__label__3,I can not think of anything else.
103,103,__label__3,I do not want to go to the end of the king 봨 ㅋㅋ ㅋㅋㅋ ㅋㅋ ㅋ ㅋ ㅋ ㅋ ㅋ ㅋ ㅋ ㅋ ㅋ ㅋ ㅋ ㅋ ㅋ ㅋ ㅋ ㅋ ㅋ ㅋ ㅋ ㅋ ㅋ ㅋ ㅋ ㅋ ㅋ ㅋ ㅋ ㅋ ㅋ It is bitter
104,104,__label__3,Hash tag for empathy
105,105,__label__3,One High Kick Full in Bed
106,106,__label__3,"I went to the bookstore, but there was no blown note."
107,107,__label__3,"The iPhone has a strange moon mark, so when I searched it, it seemed like it was about two days without interruption mode."
108,108,__label__3,Never
109,109,__label__3,"I thought that the refugees from the Congo arrived in North Korea, but it was Korea. Hull. It's such an absurd case. The contents of this book alone can be credible to the truth of this book and the refugees who became Professor at Gwangju University."
110,110,__label__3,"You are a person who is difficult to be a friend, but once you become a friend, you give everything."
111,111,__label__3,Nothing
112,112,__label__3,"Now,"
113,113,__label__3,I'm going to compare it with a picture of you.
114,114,__label__3,sorry
115,115,__label__3,My friend is in a bad mood. Good night. Good night. See you tomorrow.
116,116,__label__3,I'll give you my brother.
117,117,__label__3,Fiji Photos
118,118,__label__3,All day long I walk with the diamond like that on the road.
119,119,__label__3,Head hurts
120,120,__label__3,Festival
121,121,__label__3,Woo Young
122,122,__label__3,"Well, it's a birthday, but no one ever contacted me. It's really different from last year."
123,123,__label__3,I am happy because of Bingsoo. I really appreciate you.
124,124,__label__3,"No blog, just a single room, and a front and rear cutter. I was so hard to read a few times."
125,125,__label__3,I'll get some sleep. See you in Chuncheon.
126,126,__label__3,"Oh, it's too accurate."
127,127,__label__3,ㅎ ㄱ ㄱ ㄱ c ㄱ ㅇ a ㄴ b ㅇ ㅇ ㄱ ㅇ a ㅋ 긛 긛 ㅌ ㅌ
128,128,__label__3,Ohmygat Gusan Station is a very distant place. I wonder if it will come again.
129,129,__label__3,"If the elder mam was Kohyeonjeong, Kim Buseon"
130,130,__label__3,"If you only eat tempura, you'll regret it."
131,131,__label__3,ㅁ It's Gihong's birthday.
132,132,__label__3,We are a half-moon.
133,133,__label__3,And I stupidly turned on the data.
134,134,__label__3,I left Ogle.
135,135,__label__3,My emoticons are the iPhone that caused Jobs's revolution. Share emoticons
136,136,__label__3,"Oh, you look so cute."
137,137,__label__3,I'm a jerk
138,138,__label__3,That's probably why I'm out of mind when I'm done with the deadline.
139,139,__label__3,Evil lol I have to pay my sister too.
140,140,__label__3,"I did not mean to cut a lot, but I told him I cut a little more,"
141,141,__label__3,I am afraid that my arms and legs will be solid.
142,142,__label__3,Korea Seoul Cold Yes Yes Tuesday Hi Seoul
143,143,__label__3,I would like to share it with me. I am thin and thin and dead hair.
144,144,__label__3,I do not like it.
145,145,__label__3,I am eating in Korea and I can not eat it. I like your lunch too. I also take care of the cold.
146,146,__label__3,Do not overdo it ㅠㅠ It's okay ㅠ
147,147,__label__3,"When there is a car, the mini and"
148,148,__label__3,"Happy birthday. Amami. When it's time to live, it's a fire after a candle. I love our house rules. I want to boil the seaweed soup."
149,149,__label__3,Aiania
150,150,__label__3,OMG
151,151,__label__3,What day is Hullsemm?
152,152,__label__3,"It was a great show, not worth the ticket price, as I said."
153,153,__label__3,Thank you for helping me with my goodbye reggae hair.
154,154,__label__3,Cute and cute.
155,155,__label__3,"ㅋ ㅋ ㅋ I missed the bus and did not even bring earphones, and I did not hear the big exorcism show exos?"
156,156,__label__3,I do not have the power of power because I can not meet the Sae-yong Sae-yong. How can I do that?
157,157,__label__3,I have been in the office for a long time and I have been praised by my teammate.
158,158,__label__3,"I do not know at all, but I want to try."
159,159,__label__3,Health checkups do not have to do the full range of price tests.
160,160,__label__3,꺄aaaaaaaaa
161,161,__label__3,Hyun Gyoung Charlie Present
162,162,__label__3,The time of the SAT never comes.
163,163,__label__3,The weather is too hot.
164,164,__label__3,Hyun Bin
165,165,__label__3,The only oasis that has been gone is me.
166,166,__label__3,Throbbing
167,167,__label__3,ㅠㅠ ㅠ
168,168,__label__3,"Epilepsy tickles, tickles, and Hanbin looks up at the heartbeat."
169,169,__label__3,Did not you have a full schedule today?
170,170,__label__3,ㅋㅋㅋ Show emoticons
171,171,__label__3,What is this song? It's so beautiful. I hope to have a song by Kim Nam-jun and a former dancer.
172,172,__label__3,This photo is not very sexy but I'm sorry.
173,173,__label__3,I feel like I'm tweeting with the iPhone
174,174,__label__3,"I know that you are cheering and loving all the time. I was so depressed today, but now I'll hold on to a cheerful waiting for the solo."
175,175,__label__3,I love you
176,176,__label__3,I feel the honor of your brother and the foresight to look ahead a few years now.
177,177,__label__3,Prefecture
178,178,__label__3,no
179,179,__label__3,Come on. Fly. Fly. I'm flying. You be careful.
180,180,__label__3,The dubbing is very expensive. The second is the dubbing.
181,181,__label__3,a
182,182,__label__3,Let's face it on a rainy day.
183,183,__label__3,This photo is not very sexy but I'm sorry.
184,184,__label__3,"Oh what a cup of milk, it is so cute. ㅜ ㅜ ㅜ ㅜ ㅜ ㅜ ㅜ ㅜ ㅜ ㅜ ㅜ ㅜ I want to buy ㅜ ㅜ ㅜ"
185,185,__label__3,you
186,186,__label__3,I do not have to go to the bathroom this time ㅋ ㅋ ㅋ ㅋ ㅋ ㅋ ㅋ ㅋ ㅋ ㅋㅋㅋ
187,187,__label__3,English is hard to speak Korean My head is great
188,188,__label__3,Created by
189,189,__label__3,"I have just come home and have a very thick booklet in my mailbox. Reply to the red mailbox I finally wanted to come to you, but when I opened it, I received a letter of recommendation from the Financial Investment Guide and Hyundai Securities shareholders' meeting."
190,190,__label__3,"When did you get married? It looks like Seo-won, but tomorrow's lunch is okay."
191,191,__label__3,The best
192,192,__label__3,I'm falling in love. ㅋ ㅋ ㅋ ㅋ ㅋ ㅋ ㅋ ㅋ ㅋ ㅋ ㅋ ㅋ ㅋ I'll drag you back to Luce
193,193,__label__3,I'm a fan like this.
194,194,__label__3,serious
195,195,__label__3,It's cleaned with toothpaste.
196,196,__label__3,"I want to eat something, but I look at my face and blink."
197,197,__label__3,"I got cold and I missed the timing. ㅜ ㅠ It was really cold today, but it was okay. Good night. I dreamed about Todochan John."
198,198,__label__3,"When I was young, I had never been out of the house of demons, and I was afraid of going out to the entrance through the crowd. I could not see the mirror at night until I went to America because I could not see the legendary hometown. Overcoming Halloween-related fairy tales is too good. We have to wait another year."
199,199,__label__3,"Naruto Steel One Piece From Gintama to iShild, Sports Water and Audi. It's a costume shop. If you leave a trail, you will see your profile. I'll give you an arm."
200,200,__label__3,ㅋ ㅋㅋㅋ ㅋㅋ What reaction did you expect
201,201,__label__3,"The concept of this album promotion is raising or lowering. Do not do this, but please work properly."
202,202,__label__3,"The dog is bigger than me, and because he and owen stop, oh, the dog is still standing like a bodyguard in front of me, and my brother is the king of dogs since I was a dog."
203,203,__label__3,It is a shock that the pose is a man. It is the voice in the animation. Amori sister road is our sister.
204,204,__label__3,Where is Hyundai Department Store? Would you like to go to Cheonho? ㅠㅠ
205,205,__label__3,I'm sorry.
206,206,__label__3,It's a chance of having a really low probability of seeing that time ㅋㅋ ㅋㅋㅋ
207,207,__label__3,"I'll see you again when I can see from anywhere. I'll remember a lot. I'll see you again. Seoul is colder than Alaska today. When I go out, I'm wearing a hat mask. If you drive, be careful about driving. eat"
208,208,__label__3,I'll turn it off Come on come true I'm dreamin '
209,209,__label__3,"Yes, but they'll be cold."
210,210,__label__3,The parachute is not the only one who has seen only the book in the journalism journalism.
211,211,__label__3,But why did not I have to check it yet?
212,212,__label__3,I'm not saying I'm not on my way to work.
213,213,__label__3,"I think that it is closer to the one side than the pedophilia, but when I say not to wear alternate clothes"
214,214,__label__3,My younger brother sends me a photo that he is getting a massage. His name is Lee Tae Suni.
215,215,__label__3,I like rabbits.
216,216,__label__3,Do not die.
217,217,__label__3,"Oh,"
218,218,__label__3,Ignore that today is the Friday of the Infinite Day 꺄
219,219,__label__3,"I liked the AnnaBel series. I went to see this, but I was not satisfied with it. I saw my friend because I was afraid of it."
220,220,__label__3,"You know my heart well, W. I'm waiting for the last time, I think the reality will be messed up."
221,221,__label__3,Oh yeah
222,222,__label__3,It's the first time.
223,223,__label__3,"There is a reason why the politicians of China and China have not been able to take a picture of going out to China for a long time. Why did you exclude the truth in front of China? Oh, my god."
224,224,__label__3,Diary Another month jungle
225,225,__label__3,Snow
226,226,__label__3,It's a surprise
227,227,__label__3,This picture is something unnatural hot.
228,228,__label__3,What is it?
229,229,__label__3,I read the wilderness like a homework on vacation. I read it before. Keywords Inside my favorite things Water I read after pregnant Why I do not know a new pregnancy Birth is over I am worried about my rough child It is probably warlike child care
230,230,__label__3,sold out
231,231,__label__3,"In the meantime, I sat for a long time,"
232,232,__label__3,"Oh, my lord Elzhi."
233,233,__label__3,"I think I played an hour. Oh, my God."
234,234,__label__3,I missed the chance to get a mentee for a meal. I guess I missed it at the time.
235,235,__label__3,"Yesterday, roast chicken was the problem."
236,236,__label__3,A pig in the mirror is looking at me.
237,237,__label__3,"Actually, I intercepted everything in the middle."
238,238,__label__3,"Of course, Dong Woon will not do that, of course, but hehe last night of the month is not much left, and the year of the year will come to a close, let's finish the moon."
239,239,__label__3,Handsome
240,240,__label__3,Morning
241,241,__label__3,"I am going back to Korea now. Oh, I'm so busy. I'm okay."
242,242,__label__3,Hookie star ㅠ ㅠ ㅠ ㅠ
243,243,__label__3,I put a stick of candy in my bag.
244,244,__label__3,Hook
245,245,__label__3,Completely arriving in Korea
246,246,__label__3,"ㅋ ㅋㅋㅋ ㅋㅋㅋ You're a good friend, too."
247,247,__label__3,The cockroach just pulls in the room.
248,248,__label__3,Hernani
249,249,__label__3,"I did not know that I was drawing at the moment, so I thought why I keep getting reminded about it. ㅋ ㅋ ㅋ"
250,250,__label__3,Daesung Ahomo
251,251,__label__3,Sapporo comes as snow as it is
252,252,__label__3,Samui Samui
253,253,__label__3,It's too late now.
254,254,__label__3,Haha ㅋㅋ ㅋㅋ ㅋㅋ I did not know that you did not know that I was a little awful looking at the awareness.
255,255,__label__3,It's funny.
256,256,__label__3,It's the first day of the test.
257,257,__label__3,Oh my gosh
258,258,__label__3,Sightseeing buses and motorcycle accidents in front of you
259,259,__label__3,Good
260,260,__label__3,"It's not an app, but it's on the keyboard."
261,261,__label__3,"Congratulations, sister."
262,262,__label__3,It is time to get up today.
263,263,__label__3,"Well, that admiration and attitude really"
264,264,__label__3,His laughter makes me crazy
265,265,__label__3,"Yes, so I changed my job again."
266,266,__label__3,Water
267,267,__label__3,"It was so cold when I woke up that I came out wearing a gray cardigan on a white tee on black jeans, and it's hot again."
268,268,__label__3,please give me too
269,269,__label__3,Typhoon Busan Seiyong This division is all right Is it okay Please Please no more damage Please scare the real
270,270,__label__3,You were killed by a pianist.
271,271,__label__3,What should I do
272,272,__label__3,ㅋ Apt A sister tells me that a flaming sweet potato is faced ㅁ Amen Amen Amen will catch it and I will do It is a good faithful and beautiful sister also sleeps well And I changed the picture to a cartoon picture that I made ㅎ It is too awkward because I change the picture while I am painting. Jung Bum
273,273,__label__3,"Hull Do not go there again, it is not a place to live"
274,274,__label__3,"This week 's showman of Sugar Man is Park Jung - hyun' s senior and real Jang - pan. But I heard you singing Park Jung - hyun 's song. Oh, my God."
275,275,__label__3,Bulletproof boys' army
276,276,__label__3,I am practicing writing with my left hand these days
277,277,__label__3,Thank you. I'll be skinny. Jenny Howe Spec Marine Therapy Pack
278,278,__label__3,I'm going to die.
279,279,__label__3,Ear ear cute
280,280,__label__3,Gyearaaaaaaaaaaaaaaaaaaaaaaa
281,281,__label__3,I love you camel
282,282,__label__3,The Ford phone is wrong.
283,283,__label__3,Is Korea
284,284,__label__3,The lyrics are warm and the melody is really warm. It is a perfect match for the weather today.
285,285,__label__3,Jamaica Chicken River ㅋ ㅋ ㅋ ㅋ ㅋ ㅋ ㅋ ㅋ ㅋ ㅋ
286,286,__label__3,"Baby, you're mine."
287,287,__label__3,But how did it get down
288,288,__label__3,I'm so cute.
289,289,__label__3,"I have been feeling anxious since yesterday, and it seems like someone is behind me. I feel the heat build up as I am not sleeping."
290,290,__label__3,"ㅋㅋ ㅋㅋㅋ If I did, I think I feel the same as you two ㅋㅋ ㅋ ㅋ ㅋ friend relatives are actors"
291,291,__label__3,"I have a lot of account books, but the first time I'm a friend, I'm shaking."
292,292,__label__3,It's cute even if you look at it from a stoppage
293,293,__label__3,"I did not want to write this long, but what's going to be so long? It's only been two days."
294,294,__label__3,Horse
295,295,__label__3,Morning
296,296,__label__3,This is the first time I've seen a girl in the same family.
297,297,__label__3,I do not know what to do. I did not find it. ㅜ ㅜ ㅜ ㅜ ㅜ ㅠ ㅠ ㅠ
298,298,__label__3,Ignore that today is the Friday of the Infinite Day 꺄
299,299,__label__3,"Ellen Armin is really precious, so if there is anything that is hard, tiring or hurtful, it will be horrible."
300,0,__label__3,I have my cello.
301,1,__label__3,It's delicious.
302,2,__label__3,"Oh, exercise. ㅋ Today's hot day is the day when the stars shine like stars."
303,3,__label__3,"I'm in a fighting position and I'm getting ready for the day. Oh, tired Thursday morning, let's go to work time. It's a very unfavorable attitude"
304,4,__label__3,Why
305,5,__label__3,You can draw it when you're through with your boredom test.
306,6,__label__3,"Good morning lily juice Ohmy god shit 탛 I got tired ㅠ ㅠ Something good, but sunshine is right Gotta go home quickly"
307,7,__label__3,I do not have a present yet. I'll leave it to the boss of the cafe.
308,8,__label__3,"I do not know anything at home, but I do not know anything, and I wake up Sleeping Jeju Island Busan Ulsan and other babies Are you all right How much I would have been in the tea bar all day long Gyeongnam Province Jeju Island and others Everyone is helpless Bilgeo Chaba Typhoon Ulsan Busan Jeju Island"
309,9,__label__3,Yessung Brother Your voice is really good.
310,10,__label__3,Well done
311,11,__label__3,"Smurf Village If you like this quest, please tell me how to solve it."
312,12,__label__3,"As a man, this skin texture"
313,13,__label__3,Everything is annoying.
314,14,__label__3,I used to wake up the skin and how to make it good.
315,15,__label__3,Come on.
316,16,__label__3,ㅋㅋㅋ ㅋㅋㅋ
317,17,__label__3,I've got a company card for my patronage.
318,18,__label__3,"When I lived in Japan, I experienced earthquakes frequently and then I went to the same place with my sister Rommie, and I thought that Seoul is going to collapse a real building."
319,19,__label__3,"After 12 o'clock, the ship is reset."
320,20,__label__3,Give Willis a picture. Willis
321,21,__label__3,It's annoying. It's hot.
322,22,__label__3,ㅠㅠㅠ ㅠㅠ ㅠ You are sexy
323,23,__label__3,I tried to sleep without a cell phone. I can not sleep. I just gave up.
324,24,__label__3,Ginger is also hot
325,25,__label__3,Gorgonzola pizza Baptiste Gopfada
326,26,__label__3,Fighting sister
327,27,__label__3,"Arthur, I'd like to go to Christmas,"
328,28,__label__3,Cunt
329,29,__label__3,"I like him very much, too. I like the solving tweet so much that I feel like I'm happy."
330,30,__label__3,It is annoying that I have to go to hairdressing room periodically once I dye it.
331,31,__label__3,Thank you very much for the event. I really did not win the event even if it was an event in Peacebook. I really appreciate it. I really want it.
332,32,__label__3,My mother told me not to go and draw a picture but I ran back to the practice field a few days ago I was studying a picture and I sprang from the morning.
333,33,__label__3,"Huck, I want to talk to you, too, but I do not really have the courage."
334,34,__label__3,I am an inspirational person.
335,35,__label__3,I was sold out to my brother. Congratulations. I could not do it tomorrow.
336,36,__label__3,It's morning. I'm going to go buy a chicken.
337,37,__label__3,"Waterball finally came, but the gold came"
338,38,__label__3,Huck I guess I was wrong World tour is right This is a giant last year I think I'm not doing it again now Midnight and Jung Oh are confused ㅋㅋㅋ
339,39,__label__3,"I know you're poisoned by this flu. I am accompanied by a fever and a cold, but Yu is out of schedule and Matsuo is hospitalized."
340,40,__label__3,Korea is very cold. Please watch out for the cold.
341,41,__label__3,Jagalchi Market
342,42,__label__3,"It is only the third day of a long holiday, and I do not want to live in real life because I have to suffer from the threat of the present life already."
343,43,__label__3,The ebony top of the Eiffel Tower Key chain France has no water purifier and always carries the water Evian The big size is only the euro
344,44,__label__3,ㅠㅠ ㅋ
345,45,__label__3,"I've seen it, but I have yours."
346,46,__label__3,There is no time
347,47,__label__3,Let's face it on a rainy day.
348,48,__label__3,It is like the third son of a congregation who came to Daegu Pantha Chris management class in Nature Republic.
349,49,__label__3,Huck Chan
350,50,__label__3,"Wow, now it's really been a shush"
351,51,__label__3,I'll tell you why I'm beautiful at work. Let me go back to Seongnam.
352,52,__label__3,Hula
353,53,__label__3,I can not stand this cold. Seven is cool. I do not know that music.
354,54,__label__3,Why is this time sleepy
355,55,__label__3,Gyakar
356,56,__label__3,"I had a lot of rain and wind this morning. My class was canceled, but now I'm okay. Thanks for worrying me. Good friend"
357,57,__label__3,I do not have the right to enter.
358,58,__label__3,I want to buy furniture but I want to go too far I want to go to the president Nee Ii Limit shuttle to New York
359,59,__label__3,ㅋㅋ ㅋㅋㅋ
360,60,__label__3,It's a top spot.
361,61,__label__3,To live
362,62,__label__3,It's a world that can not be filled with good things.
363,63,__label__3,"This morning, I am very tired to be something and my eyes have not really sunk. Oh, next week, I have made great promises,"
364,64,__label__3,It's okay. It's a clerk's disease.
365,65,__label__3,Just scare me.
366,66,__label__3,I need to get out of here for the first time.
367,67,__label__3,My sister Aaaaaaaaaaaaaaaaaaaaaaaaaaaaaaaaaaaaaaaaaaaaaaaaaaaaaaaaaaaaaaaaaaaaaaaaaaaaaaaaaaaaaaaaaaaaaaaaaaaaa
368,68,__label__3,It was too much for Masato to wake Ren.
369,69,__label__3,ㅋ ㅋㅋㅋ ㅋㅋㅋ ㅋㅋㅋ The dream show is over.
370,70,__label__3,Oh man.
371,71,__label__3,"ㅋㅋㅋ I have overcome the patience of parking, but I have to wait again ㅋ I will tell someone in front of where I dare"
372,72,__label__3,Dongun
373,73,__label__3,brother
374,74,__label__3,American Mountaineer Cancer
375,75,__label__3,I am preparing to go to the dormitory for a while. Only the school that I am going to make is strange. ㅜ ㅜ Everyone is now spring vacation. ㅠㅠ I am tomorrow's winter vacation. I want to see my brother.
376,76,__label__3,Namdaemun Market Dumplings Pancake Pupa
377,77,__label__3,"In the case of a murder case in the village of Chongchon in the poetry book, the lost year's chiefs of the boys are silent."
378,78,__label__3,ㅋㅋ ㅋㅋㅋ What should I do? ㅠ It's not a problem to give. ㅇ ㅇ ㅎ ㅎ ㅇ ㅎ ㅎ
379,79,__label__3,Taiwan earthquake
380,80,__label__3,Seo Hyun Station Brush Jean This is a real fantasy. You kindly informed me everything. You came from a distance. You gave me a lot of dumb. It was really clear. My brush was not a brush anymore.
381,81,__label__3,Already time
382,82,__label__3,Do not do that. It's a triple A-type.
383,83,__label__3,I'm sorry I'm freaking out I'm keke blah blah blah blah blah blah blah blah blah blah blah blah blah blah
384,84,__label__3,"NemNem When it comes to ease, you can be surprised because you have seen a rough,"
385,85,__label__3,ㅎㅎ ㅎ ㅎ ㅎ heh ho ㅓ
386,86,__label__3,That's right.
387,87,__label__3,Haha.
388,88,__label__3,I was so tired that I could not sleep well all night long.
389,89,__label__3,I do not know how to do this. I do not want to do it.
390,90,__label__3,So stay on the ground.
391,91,__label__3,This would be the same as having no kimchi if you do not have radishes in your mouth.
392,92,__label__3,Guy Uri Instagram Gamer Update Boy I'm terrified I'm terrified I'll do it well Boys
393,93,__label__3,I remember the recognition of yesterday's unhappiness.
394,94,__label__3,I just put the price tag on it.
395,95,__label__3,I'm weird. I'm scared.
396,96,__label__3,I'm in a taxi. I'll puke for the smell. I want you to eat candy if you hear me.
397,97,__label__3,I'm cheaper three times a day.
398,98,__label__3,It was so cold Korea is colder
399,99,__label__3,Three years old baby boys.
400,100,__label__3,My name is ㅠ ㅠ ㅠ ㅜ ㅜ ㅜ ㅜ ㅜ ufup ㅜ ㅜ ㅜ
401,101,__label__3,I've been calibrating for about a month now and I'm afraid I'll be scared too much.
402,102,__label__3,"It's dangerous, too."
403,103,__label__3,Aaaaaaaaaaaaaaaaaaaa I get out of my mind why I keep thinking that this is what it is ㅠ ㅠ ㅠ ㅠ ㅠ Pew
404,104,__label__3,ㅋㅋ ㅋㅋㅋ
405,105,__label__3,Setting atmosphere
406,106,__label__3,"I was a little late for my birthday present, and I received a big apple pie from my uncle who knew it. It was so delicious, so if I ate a lot, I would eat kilo too."
407,107,__label__3,It's not about buying a ticket. It's great.
408,108,__label__3,Big Bang
409,109,__label__3,Evil a b a b a b I feel like a real fine
410,110,__label__3,"Hurrence I checked out outside yesterday and forgot to leave a message. Good job, Job."
411,111,__label__3,I'm really sorry about you guys.
412,112,__label__3,"As soon as we receive a salary, the GISTA STUDENT FEE is paid for by the repair money of the mobile phone."
413,113,__label__3,I got up early today and got a reading room.
414,114,__label__3,That's Dyua Volang
415,115,__label__3,Daegu's friend told me that Daegu is shaking. I'm worried. Are you enjoying the aapi? I'm waiting for a nice picture.
416,116,__label__3,"I am going to see the end of Nina because of the real Nina of the army of the United States Army, but the Nomura is also annoying, but I will not be able to do it because of the beauty. Why do you keep giving kindness to your boyfriend?"
417,117,__label__3,Dizzy
418,118,__label__3,ㅔ ㅔ 이 이 이 이 이 이 이 이 이 이 이 필 필 필 필
419,119,__label__3,ㅠㅠ He suffered from the earthquake with the best Morningmenbong today and suffered earthquake.
420,120,__label__3,It does not matter if you are not humble.
421,121,__label__3,There is no picture diary close at the end of the day.
422,122,__label__3,"Now my heart is regrets about drinking yesterday and the vagaries of the swan coming out of the mpe, the beauty of the dragon, the beauty of the cuteness of ㅁ Klitschko,"
423,123,__label__3,I love you fools.
424,124,__label__3,Wardan
425,125,__label__3,"Dermatitis, please treat me soon."
426,126,__label__3,"I can get what I want to get by working hard. I know that I have studied abroad so well, but it is difficult to start with that effort. I start my effort to rest my drama string but I keep dreaming that I can not imagine."
427,127,__label__3,There is no earphone to travel from Yeouido to march. Anxiety Anxiety Anxiety Anxiety
428,128,__label__3,The timeline is really crazy because you have a lot of right arms.
429,129,__label__3,A gangster
430,130,__label__3,"Yeah, it's already twelve."
431,131,__label__3,I have traveled a lot and I am so envious. I wanted to go on a trip.
432,132,__label__3,Heineken on squid flavor squid
433,133,__label__3,I am so cute with my pen playing with pen.
434,134,__label__3,ㅋ ㅋㅋㅋ ㅋㅋㅋ ㅋㅋㅋ ㅋㅋㅋ ㅋㅋㅋ ㅋㅋㅋ ㅋㅋ ㅋ ㅋ ㅋ how many years old brother is the day of the infinite day is 꺄
435,135,__label__3,"Well, do not be afraid to hate you. Let's see if it's the first thing that happened. The amount of time is not the problem."
436,136,__label__3,I'm going to ask you for a date now.
437,137,__label__3,Drama drama Pretty man making presentation Moge first official statue This week the first one Jang Geun Suk
438,138,__label__3,I have been busy for three days but I am so busy from tomorrow to Saturday.
439,139,__label__3,"My twitter status is strange and I'm writing it as data, but my aka kaku is more important."
440,140,__label__3,This year
441,141,__label__3,Ha
442,142,__label__3,Is Huck returning by taxi?
443,143,__label__3,Ginger is also hot
444,144,__label__3,Oh good horror Here is a big wind Rain this hurricane This morning We risk our lives to go to school School blows Glass windows are broken So we go home at noon and people are almost flying
445,145,__label__3,"I've always packed everything from cartoon to comic book, but it's been a while since I started yogobaru with a smile on my face. ㅜ ㅜ Now it's time to go, but I've been working hard so far, captain."
446,146,__label__3,Kevin Gut Morning Awesome Today It's going to be a big hit today Kevin does not go out a lot and I wear warm clothes Today I can not see it today Kevin Fighting is good and still in front of my house
447,147,__label__3,I was wrong.
448,148,__label__3,"I am always talking about my mom. I do not even call you anymore. But it's funny if you meet me with a kiss,"
449,149,__label__3,Have a good time.
450,150,__label__3,M I can only see you in the woods I wear a motor on my feet and shoot a laser in my eyes ㅋ ㅋㅋㅋ ㅋㅋㅋ ㅋㅋㅋ It was really cool
451,151,__label__3,"The story of tteokbokki egg in a draft beer, and the weight of the affection that remains like a sediment of conscience."
452,152,__label__3,"Anyway, I got on the train, I think I should read it and write Saemaeul. Thank you for being able to go home. I can only arrive in Seoul tomorrow."
453,153,__label__3,Why do not I fit in.
454,154,__label__3,My heart can not stand
455,155,__label__3,I do not have any more books to read anymore.
456,156,__label__3,"The taste of melon was the best, but it was really good."
457,157,__label__3,You block it. It's not like it used to be these days.
458,158,__label__3,Whether the economy seat is so narrow
459,159,__label__3,I do not expect much. ㅎ ㅎ ㅎ ㅎ
460,160,__label__3,The real Tom Cruise is what he believes and he looks like a dog.
461,161,__label__3,I thought she was a son.
462,162,__label__3,And coloring and a great deal of money.
463,163,__label__3,I do not need to say anything. I'm a friend.
464,164,__label__3,"Korea is a country that has been up to now, but if you give it to the Koreans,"
465,165,__label__3,I was going to vaccinate tomorrow and it was so cold.
466,166,__label__3,Embarrassing to remove
467,167,__label__3,"I am on my way to the city, and I get up at the hour,"
468,168,__label__3,My sister is resting comfortably during the New Year holidays. I wear slippers. I wear sweatshirts and hang icebreakers. My sister is cute and pretty when she gets pissed. I got a new one now. Happy new year.
469,169,__label__3,"Among foreign tourists, illegal stay"
470,170,__label__3,"I have been a little sleepy. I will prepare for sleeping tomorrow because I am sleepy. I went to sleep this morning with a sleepy. I want to see you today. If you sleep over, I'll catch you."
471,171,__label__3,I was horny for a moment.
472,172,__label__3,Everland Safari World
473,173,__label__3,"I was in a coma, I had a loaf of bread, and I believed in my reincarnation on the bus. I was rubbing my nose and rubbing my eyes in the horse riding scene. It was over."
474,174,__label__3,How much more dry than if you were dry.
475,175,__label__3,Help me hungry.
476,176,__label__3,"The weather is good, the ghost bride looks"
477,177,__label__3,"Finally,"
478,178,__label__3,"Hing is tweeted a few days ago, the photos uploaded up to this time are gone. So two days ago my brothers were polo again"
479,179,__label__3,"Mr. Jong Jin, one or two."
480,180,__label__3,My mansion is transparent. ㅠ ㅠ I'm smacking heat ㅠ ㅠ ㅠ ㅠ ㅠ ㅠ ㅠ ㅠ ㅠ ㅠ ㅠ ㅠ
481,181,__label__3,"How to get rid of garbage that accumulates as much as the Chuseok holiday accumulates When you receive a gift,"
482,182,__label__3,How did you cut inside that?
483,183,__label__3,Boiled baby soup Tears of the Tibetan wife seeing raped and mating with goats
484,184,__label__3,"I bought a book for a long time, but it only comes when the courier car breaks down."
485,185,__label__3,Russian Roulette
486,186,__label__3,I'm studying Korean.
487,187,__label__3,It's really scary. Jason
488,188,__label__3,"Oh, I've been trying to get a serious tweet in a while, but I do not even have dinner."
489,189,__label__3,I shot a pizza for a group of seniors who are struggling to prepare a play workshop with us. I'd love to have a pizza. I'd like to have a cheese cake sandwich pizza.
490,190,__label__3,The caramel eats the gold.
491,191,__label__3,tower
492,192,__label__3,I love you
493,193,__label__3,I'm dead Fighting
494,194,__label__3,Yum yum 쩝쩝 Changwon Dogye-dong By the rivers next to the river I want to eat another goblet again I smoked a smoked giblet
495,195,__label__3,I do not know how to spell it on cover.
496,196,__label__3,I feel like I'm going to be more and more friendly.
497,197,__label__3,I am a wolf from the Incheon airport. I want to keep you inside of us.
498,198,__label__3,"Because I was using a kindergarten pick-up car, I walked to one side of the road."
499,199,__label__3,Poor Pity
500,200,__label__3,It's a fair game.
501,201,__label__3,Foreigners occupy UK jobs Multiculturalism
502,202,__label__3,Cerebral is too scared ㅜ ㅜ
503,203,__label__3,A deceased mother
504,204,__label__3,Why is it so difficult to do?
505,205,__label__3,This is Mura
506,206,__label__3,OMG
507,207,__label__3,It 's not too cold today.
508,208,__label__3,Thunderbolt on a dry sky
509,209,__label__3,"What the SARS can do,"
510,210,__label__3,Melon Oji is like being turned on. ㅠㅠ ㅠㅠㅠ
511,211,__label__3,Chinese Communist Party's Conversion of the Cyber ​​Convoy
512,212,__label__3,"Huck, what have I done to you now? Because I was growing older than you, I want to hide with a rat hole."
513,213,__label__3,I think I should have eaten a hamburger after the spoiler. M okay.
514,214,__label__3,ㅠ ㅗ
515,215,__label__3,"I have a blur, but I remember seeing it when I wrote it."
516,216,__label__3,There are stairs
517,217,__label__3,I'm going to let go of the buds.
518,218,__label__3,Growl growl growl
519,219,__label__3,I hope you will come soon.
520,220,__label__3,Ooo
521,221,__label__3,cold
522,222,__label__3,ranee
523,223,__label__3,There's a lot of side and eccentricity.
524,224,__label__3,I want to eat
525,225,__label__3,ㅋ ㅋ ㅋ ㅋ ㅋ ㅋ
526,226,__label__3,Be frightened
527,227,__label__3,Let's blow up the crucifixion crucible.
528,228,__label__3,I just want to write the word
529,229,__label__3,I do not want to go to my throat anymore. I do not want to stay in my throat.
530,230,__label__3,This is the state of the caption I captured for a while.
531,231,__label__3,Given Ones
532,232,__label__3,Warrior
533,233,__label__3,"Mascara marks on the eyelids, and the eyes are open and sleeping."
534,234,__label__3,Huckopee Belt
535,235,__label__3,Daejeon also used the Saemaul Movement
536,236,__label__3,I'm working on it overnight without a weekend.
537,237,__label__3,Nowadays the earthquake is troubled and now typhoon tea bar is out.
538,238,__label__3,Ying Mao
539,239,__label__3,My brother's picture is cut off.
540,240,__label__3,I'm afraid of attacking
541,241,__label__3,"Yes, but we are happy to work with you."
542,242,__label__3,"Oh, then you will go to Jakarta. You should go to America. It would be better if you are near Japan or China. Of course, it would be better if you come to Korea, but please come to Asia Tour."
543,243,__label__3,Lemie Inn Concave Bust New Yorker Kim Yura
544,244,__label__3,"It 's love, but it' s too hot. Johnny is sleeping. As soon as he wakes up, he rushes at me,"
545,245,__label__3,The weather is so good.
546,246,__label__3,Maybe this is the way things are going to happen to you today. I'm going to sleep right now. Good night.
547,247,__label__3,cute
548,248,__label__3,I would have gone even if I was in the same condition yesterday. ㅠ I'm afraid I'm afraid that today I have ears to ear quickly ㅋ ㅋ ㅋ ㅋ ㅋ ㅋ I can upload photos right this time
549,249,__label__3,It was just a day off. I'm back today. I'm busy today and I'm enjoying the world of joy. I'm enjoying a delicious dinner.
550,250,__label__3,"It is not Mr. Hyun Jung gave a treat to the cake Thank you very much, and Mr. Hyun Jung was appearing in Yasuowa I saw two people and manager talent"
551,251,__label__3,Too nervous
552,252,__label__3,"If you put an order, there are eighty-one dolls."
553,253,__label__3,"I do not think it's going to be strange if I fly like a van on top of it. I was so worried and broken,"
554,254,__label__3,"He says he's different from the top of the toenail development. It's the other way around. If you do not have a dog, there's a bone. It's like a liquid."
555,255,__label__3,There are still mosquitoes.
556,256,__label__3,Woolen apartment underground parking lot comes with beautiful classical music.
557,257,__label__3,Cute emoticons
558,258,__label__3,"This week is a real reflection on Sunday after the Chuseok as unlearned eat, eat, eat and exercise is not annoying, I do not usually drink any drink is really serious or serious mind"
559,259,__label__3,has disappeared
560,260,__label__3,It's night. Yeah. I do not see it. I do not do it. And I'm scared of dogs.
561,261,__label__3,Why is it so soon?
562,262,__label__3,"I did not know it was going to happen anymore. I mean, I lost my cell phone from Jisan yesterday. It's an iPhone. It's a white case. I'll pay you back if you find it."
563,263,__label__3,Good morning mommy is what my baby M very handsome cute
564,264,__label__3,Why is this person so cute?
565,265,__label__3,I do not like the feeling of a sneeze and a coughing moment when I come with a sick menstrual cycle and a new place with a painful menstrual cram and a cold.
566,266,__label__3,If you have found the official card
567,267,__label__3,"I'll give it to you later on, and then I'll issue that card. I'll give it a good deal on my side, and I'll be sure to issue a card later on. ㅋ ㅋ ㅋ ㅋ ㅋ ㅋ ㅋ ㅋ ㅋ ㅋ ㅋ ㅋ ㅋ ㅋ ㅋ ㅋ ㅋ ㅋ ㅋ ㅋ ㅋ ㅋ ㅋ ㅋ ㅋ Well,"
568,268,__label__3,"In the end, Sakuchon is a member who has no characteristics."
569,269,__label__3,"I found someone like Akeeger Butter, but I was ashamed and ran away."
570,270,__label__3,I am this
571,271,__label__3,"That's right, that's a bunch, and a bunch of bunches."
572,272,__label__3,I have not been able to do anything for the past month. I have been depressed and depressed and angry and irritated. I have never had a bad day. Even my appetite has decreased and I have never had such a life.
573,273,__label__3,Why is it suddenly so desperate
574,274,__label__3,This is rumor. Who's puttin 'me? I've got a lot of jealousy.
575,275,__label__3,Why did it happen to me ㅜ ㅠ ㅜ ㅜ ㅜ ㅜ ㅜ ㅜ
576,276,__label__3,Kibisia
577,277,__label__3,Lot Libido is cold
578,278,__label__3,ㅋ ㅋ Today is the day of the ignorance of the infinite day 꺄
579,279,__label__3,"I see a yoga app that was laid out a long time ago. When a male lecturer goes to a convenience store in a neighborhood, he shows his attitude by wearing shorts on a running shirt of neighboring men. I hate to follow him. Remove abundantly"
580,280,__label__3,ㅠ
581,281,__label__3,I want to take it again. What are you doing?
582,282,__label__3,TVXQ
583,283,__label__3,The
584,284,__label__3,One more lol!
585,285,__label__3,Who is the girl next to you?
586,286,__label__3,It looks like Yogo.
587,287,__label__3,That's my future. Big swing paragliding. That's real fun.
588,288,__label__3,Do not cry. It's your birthday today.
589,289,__label__3,Harmony
590,290,__label__3,I really have to go in line. I am so busy with the bread in the morning.
591,291,__label__3,Monthly Monthly department store Duty-free shop Best discount information available Check here
592,292,__label__3,You're so cute.
593,293,__label__3,"Harris went to the cake, Honeybread on the mint, Choco Halic Chino, I did not study."
594,294,__label__3,"Tell me, I just love you! ㅋ ㅋ I have to send my poetry. ㅠ ㅠ ㅠ ㅠ ㅠ ㅠ ㅠ ㅠ ㅋ ㅋ ㅋ ㅋ ㅋ ㅋ ㅋ ㅋ ㅋ ㅋ ㅋㅋㅋ"
595,295,__label__3,I'm not evil. ㅋㅋ ㅋㅋㅋ ㅋㅋㅋ
596,296,__label__3,Suddenly too scary
597,297,__label__3,Showcase Sophia Inferno Chan-Hee Boy Boy
598,298,__label__3,"I put a bed in a truck, lay on it, stick it on my vinyl body, and I was wiggling."
599,299,__label__3,Cute stupid
600,0,__label__3,ㅠ
601,1,__label__3,"Oh, oh."
602,2,__label__3,"I was sleeping well on the MKTX, but some crazy lady was sleeping on the phone call to fight her husband and I was going to get divorced and it sounded like killing me. I do not want ~"
603,3,__label__3,Our
604,4,__label__3,"Employees' regular bills Regardless of nationality, foreign nationals multicultural specials"
605,5,__label__3,Secret secret
606,6,__label__3,"Oh, really. I have a lot of real interviews."
607,7,__label__3,What are you
608,8,__label__3,"Oh, it's really good. I'm so happy too."
609,9,__label__3,I'm still afraid I'm standing with my hair all over my body.
610,10,__label__3,Good night
611,11,__label__3,The rain is loud.
612,12,__label__3,I was appalled by the fact that the meaning of arrest and prosecution is being pushed into the limbo by the unspecified number of people in our modern society.
613,13,__label__3,"I do not know anything at home, but I do not know anything, and I wake up Sleeping Jeju Island Busan Ulsan and other babies Are you all right How much I would have been in the tea bar all day long Gyeongnam Province Jeju Island and others Everyone is helpless Bilgeo Chaba Typhoon Ulsan Busan Jeju Island"
614,14,__label__3,How are you doing?
615,15,__label__3,It's cold in the real bullshit.
616,16,__label__3,"I do not know who you are, but it's really too much."
617,17,__label__3,That's right.
618,18,__label__3,Herb Yunha Mother Why are you telling me
619,19,__label__3,I lived in fun waiting
620,20,__label__3,"Hul, it's over. Why am I supposed to update?"
621,21,__label__3,I'll give you a go.
622,22,__label__3,Boise Noise was involved in the house.
623,23,__label__3,no
624,24,__label__3,"When you're looking for documents, you hit your left hand and arm against the edges of the cabinet, and your two fingers are not broken, broken or broken."
625,25,__label__3,"I have a dongle dongle for the castle, and I just play separately. Was there a problem with the original, or is there a distortion in reproduction?"
626,26,__label__3,brother
627,27,__label__3,Gakon is funny than the next door girl's voice is crossing the wall on the wall
628,28,__label__3,Ya ㅑ ㅑㅑㅑㅑ Hey Ujiya I am your sister fan how
629,29,__label__3,Look at Minhyup's hair shortening.
630,30,__label__3,I can not believe I've made a mistake.
631,31,__label__3,"I do not know what to do, but it's a big hit."
632,32,__label__3,I can not sleep and my belly is a beautiful reality
633,33,__label__3,I thought I hid it well.
634,34,__label__3,There is a reason why politicians in Korea have not been able to take a picture of going out to China in the meantime. One reason why the only thing that stood out in front of China was what happened to me.
635,35,__label__3,"Uhhhh, I have changed from iPad to iPhone."
636,36,__label__3,I love rabbits
637,37,__label__3,I'm concentrating.
638,38,__label__3,"Finally,"
639,39,__label__3,Fighting Fighting
640,40,__label__3,The battery
641,41,__label__3,In a place like Uru Ioi
642,42,__label__3,I heard that the doctor told me that I should eat a year.
643,43,__label__3,Jackpot
644,44,__label__3,Ugh
645,45,__label__3,"I would like to see more from yesterday. Why are you doing this? This is a deliberate thug, you are a gangster, a thug, my men ㅠ ㅠ"
646,46,__label__3,"It's Sunday, and it'll be fine. Do not worry."
647,47,__label__3,You have not got it yet.
648,48,__label__3,I'm really chicken
649,49,__label__3,I stayed alone in Gangnam.
650,50,__label__3,I do not know
651,51,__label__3,Madame Antoine Sungjoon Madame Anthan
652,52,__label__3,It's okay with you.
653,53,__label__3,"I do not know what to do, but I do not know how to do it. I do not know how to do it. I can not do anything while lying down."
654,54,__label__3,Sylvana Three Aggero Johnson Da Nomo Wang Sirlem
655,55,__label__3,Double-bin emergency press conference
656,56,__label__3,Martial Expo Seventeen Dino's Today's Death A whirlwind
657,57,__label__3,Invisible 킄 킄
658,58,__label__3,You have been attacked by King Sejong the Great. What do you do? An officer is a reaper. Human society law is open. Politics can not prevent life.
659,59,__label__3,lie
660,60,__label__3,LOL
661,61,__label__3,"Ji-hoon Good morning I saw another trailer Ji-hoon, looking into the door,"
662,62,__label__3,The old yakuza
663,63,__label__3,It's morning without a mind.
664,64,__label__3,ㅎ Runner Lana Moore to a bart to Tametoomya
665,65,__label__3,Infinite chase Good luck in Daegu I wanna know my mind that is in a hurry now ㅠ ㅇ I want to meet soon Infinite My love is finally here today
666,66,__label__3,I had a drink yesterday. I wish I had some really good ramen home near Wool Company.
667,67,__label__3,What size of any one would make me look down on him
668,68,__label__3,"I was really hungry ㅡ ㅡ I only ate a subway inch at lunchtime. In the morning, toast and banana"
669,69,__label__3,"And again, it must disappear. The chemistry should be bad. ㅠ ㅠ The photo which I took when I started Minho fan. Where did it disappear? Remember the heart of heaven."
670,70,__label__3,From today Hiroshima You're cold I'm cold I'm cold I'm cold I do not like it No I do not like my mother from Oje I'm worried ㅜ ㅜ
671,71,__label__3,I am the best of all humans. I am a yellow chicken for eating rice cakes.
672,72,__label__3,Allure Moon
673,73,__label__3,Ah
674,74,__label__3,"ㅋㅋ ㅋㅋ ㅋ ㅋ hello, meet more often"
675,75,__label__3,Empty
676,76,__label__3,I want to see national treasure dad
677,77,__label__3,"It's an hour and a half, not thirty minutes."
678,78,__label__3,Crown crown
679,79,__label__3,What a scary word to say
680,80,__label__3,Sexy
681,81,__label__3,The real spirit is out of the soul
682,82,__label__3,It's so cute.
683,83,__label__3,Woosung apartment bus stop for the rest of the year
684,84,__label__3,I miss you.
685,85,__label__3,Good night.
686,86,__label__3,"Happy birthday, brother."
687,87,__label__3,Good night.
688,88,__label__3,The picture is funny I'm sorry sorry
689,89,__label__3,But who did the design of the clothes?
690,90,__label__3,Suspension for infectious gastroenteritis
691,91,__label__3,Year
692,92,__label__3,Only the worm is so pretty.
693,93,__label__3,Be careful.
694,94,__label__3,Horse knocking net
695,95,__label__3,Let's go to Singapore with a pink shirt.
696,96,__label__3,"I went to the observatory without any thought, and I was afraid of heights."
697,97,__label__3,I'm going crazy
698,98,__label__3,I do not know how long I've been.
699,99,__label__3,I think he loved you so badly.
700,100,__label__3,On the Herere in
701,101,__label__3,Ogoya My lips
702,102,__label__3,"ㅋ Blah, blah, blah, blah."
703,103,__label__3,Looks like an outdoor king
704,104,__label__3,My house will work hard for tuition.
705,105,__label__3,Hooray!
706,106,__label__3,"If you disconnect your computer,"
707,107,__label__3,Shanghai burger I want to eat How to make a copper wire tomorrow
708,108,__label__3,This can not be done.
709,109,__label__3,"I do not know, but nowadays I'm tasting the hell with the reflux of the toilet. I've been tempted to go to heaven. It's so hard to live and taste the heavens. It's easy to taste hell. Anyway tonight I want a toilet."
710,110,__label__3,When I was in junior high school I talked with my good friend yesterday and found out that my friend is the same job as my mother and my mom. I told her my mother 's first name and she said that she was very close to me. Both of you have been working there for quite a while now.
711,111,__label__3,It rains. I want to raise the kids strong.
712,112,__label__3,Jackpot
713,113,__label__3,dread
714,114,__label__3,There's reality and happiness.
715,115,__label__3,I feel like a popcorn popping like a popcorn when I took a taxi to the nearest chest. I finally gave up on the taxi to give up the taxi and wear my first undercarriage.
716,116,__label__3,Give me too much of this innocence but it's too pale
717,117,__label__3,It's hungry.
718,118,__label__3,I love Dori so much.
719,119,__label__3,"It's so cold, I will change it in the winter."
720,120,__label__3,Please do not take it.
721,121,__label__3,Avenue Street Gourmet Oriental Spoon Buchela in Haeundae Good evening cupcakes are in writing
722,122,__label__3,How to change the bottle
723,123,__label__3,"I prepared to be busy in the morning, so I went to the licensed school to get lunch and toast, and I was busy with it."
724,124,__label__3,ㅎ ㄷ ㄷ ㄷ 오 ㄷ ㄷ ㄷ ㅠ ㅠ ㅠ ㅠ ㅠ ㅠ ㅠ ㅠ ㅠ ㅠ ㅠ ㅠ ㅠ ㅠ ㅠ ㅠ ㅠ ㅠ ㅠ ㅠ ㅠ ㅠ ㅠ ㅠ ㅠ ㅠ ㅠ ㅠ ㅠ ㅠ ㅠ ㅠ ㅠ ㅠ
725,125,__label__3,"I do not see the original drama well, but this is really funny. I can not wait to see how time goes again."
726,126,__label__3,Blah blah blah blah blah blah blah blah blah blah blah blah
727,127,__label__3,I can not comment on the article and I'm not sure that Jimmy Mi-gong is going to Africa and Saudi.
728,128,__label__3,"Momo, I woke up in the middle of the class today."
729,129,__label__3,Hull is a big smile.
730,130,__label__3,There are so many people on Friday this time.
731,131,__label__3,"I arrived yesterday while watching the news of the new neighborhood near Shanghai, China. I woke to see two doves that were flying well on my way to work this morning."
732,132,__label__3,I was hurt by what I told him to be safe.
733,133,__label__3,The atmosphere of the camp is very hot and sexy.
734,134,__label__3,"I was thinking about Ami's Mentor Man, but I forgot that I was two of them. I am sorry that my brother is a bit of free body and Ami is a little bit of a hard worker."
735,135,__label__3,Ass
736,136,__label__3,I thought I was breaking a real leg when I was walking around here and there.
737,137,__label__3,The work is over. The goods are still practicing. It is shocking that I stepped on the gum at the station.
738,138,__label__3,"I could not register my fingerprint again on the formatted company access system, but it seems to arrive too soon."
739,139,__label__3,I do not know the exact face
740,140,__label__3,Hongik University
741,141,__label__3,Oh so cute and IU
742,142,__label__3,Throbbing
743,143,__label__3,I am envious
744,144,__label__3,I can not see the emoticons after the update.
745,145,__label__3,looks delicious
746,146,__label__3,I drank too much water.
747,147,__label__3,"I do not think you should eat it, but if it tastes delicious, you will break out of your stomach."
748,148,__label__3,꺄 The TV on the big thunder stopped the screen.
749,149,__label__3,"I do not have much, but I have a tired schedule for Chuseok."
750,150,__label__3,"I think that's what I'm going to do. ㅠ I have a lot of fun in high school life, too. I have to work really hard, but Twitter keeps ankle. ㅠ ㅠ I have not made it yet so I think it is more ㅠ ㅠ ㅠ ㅠ ㅠ ㅠ ㅠ ㅠ ㅠㅠ"
751,151,__label__3,"Oh, you really should not turn the phone off."
752,152,__label__3,It's really bad.
753,153,__label__3,What a relief
754,154,__label__3,I can not sleep.
755,155,__label__3,Workaholic
756,156,__label__3,I'm cute. I think I'm going to breathe. It's so beautiful.
757,157,__label__3,He's doing math for hours.
758,158,__label__3,"Oh, my God"
759,159,__label__3,Ugh
760,160,__label__3,A strange woman outside of creepy is smiling like a haunted ha ha ha ha ha ha
761,161,__label__3,I have a friend who has been in contact for a long time and I would like to meet with you to tell you something to tell me. I do not tell you why I ended up calling. I was glad I was not worried about it.
762,162,__label__3,It's okay.
763,163,__label__3,"Yes, but I'm a little scary now, my brother."
764,164,__label__3,Incheon Pansa High picture quality Hyeongjong Romeo
765,165,__label__3,It's really bloody under the snow today. I want to die.
766,166,__label__3,"Happy birthday to your dear brother, Mr. Happy birthday."
767,167,__label__3,Why the hell is that?
768,168,__label__3,It's your brother's birthday today.
769,169,__label__3,Apparently the atmosphere is above the atmosphere.
770,170,__label__3,"Okay, if you scream at work, you're embarrassed."
771,171,__label__3,I've just seen it.
772,172,__label__3,Wedding anniversary already
773,173,__label__3,Free Fonting Call for iPad
774,174,__label__3,I'm going skiing to Lotte World.
775,175,__label__3,"I'm writing it, and the computer is off."
776,176,__label__3,Huck!
777,177,__label__3,"So, who are they who have reached the politics of Korea and senior public office?"
778,178,__label__3,I'm eating alone and I'm watching you again. I chew on the food and voices on the TV.
779,179,__label__3,I want you to be like a river breeze.
780,180,__label__3,You're ghosts.
781,181,__label__3,Thank you. I love you.
782,182,__label__3,You raise your hair Hair that grows on you eating keratin's keratin
783,183,__label__3,"The Seoul Mayor By-election is just a week away. On Friday, the ballot box officer is trained, the election committee goes to the polls, and the polls are checked at the appointed polling place until dawn on the day of the ceremony."
784,184,__label__3,That Ah Ah died
785,185,__label__3,Do not be scared Do not be scared
786,186,__label__3,OMG Gasshio USA Real hit on iTunes
787,187,__label__3,I was not able to go to China during the weekend too. I was having trouble before going to spring. I could not lie down because of my neck. ㅡ ㅡ I made it after a long time and this is good though
788,188,__label__3,The girl in the neighbor's house The love story that the man thinks
789,189,__label__3,giraffe
790,190,__label__3,"I am too much, I will have carrot ㅋ ㅋ ㅋ ㅋ ㅋㅋㅋ"
791,191,__label__3,Really.
792,192,__label__3,Why are you so cool?
793,193,__label__3,I'm just being investigated.
794,194,__label__3,I'm not hungry.
795,195,__label__3,I'm going to die.
796,196,__label__3,"I have never experienced it before, so I have to go to heatertech."
797,197,__label__3,Hull's head
798,198,__label__3,Let's not rebel against the body.
799,199,__label__3,"Oh, I was not affected on that day."
800,200,__label__3,ㅠ ㅠ ㅠ ㅠ ㅠ ㅠ ㅠ ㅠ ㅠ ㅠ ㅠ ㅠ ㅠ ㅠ ㅠ ㅠ ㅠ ㅠ ㅠ ㅠ ㅠ ㅠ ㅠ ㅠ ㅠ
801,201,__label__3,"I can not sleep. I have to sleep a little bit, but then I will be healthier."
802,202,__label__3,"If you hate it, you will miss it."
803,203,__label__3,"It is still before the arrival of Incheon, but the price is paid for quick customs clearance."
804,204,__label__3,"I was sad I was so sick of the afternoon The waist was so heavy that when it was raining,"
805,205,__label__3,I thought I was dying when my eyes blinked.
806,206,__label__3,Nekoko slept well and took care of the pamphlet.
807,207,__label__3,This month's card payment amount ㅋㅋㅋ ㅋㅋㅋ ㅋㅋㅋ ㅋㅋㅋ ㅋㅋㅋ ㅋㅋㅋ ㅋㅋㅋ ㅋㅋㅋ haha
808,208,__label__3,I'm crazy.
809,209,__label__3,Today's solo Humor Camp NIS Office
810,210,__label__3,I'll stop
811,211,__label__3,Jaebum Lee Girlfriend is in the mood for a fragrance girlfriend comes kissing aaak
812,212,__label__3,I love you.
813,213,__label__3,The miracle of song that we know not the devotees
814,214,__label__3,"When actors come, it's like a frenzy."
815,215,__label__3,I smell farting cream farts
816,216,__label__3,Age
817,217,__label__3,Hoyce Blue Icy Americano Listerine
818,218,__label__3,Hong Bin's cooking number and number
819,219,__label__3,Let's face it.
820,220,__label__3,"I was surprised today. I had a hard time to overcome the crisis with Korea, and I slept."
821,221,__label__3,Do you need it? It's too dry for me.
822,222,__label__3,"If Hotaranma is still behind the wish list, I would like to have a full-pot team nero acne."
823,223,__label__3,I shudder. Where do I go? Where should I be? The best I can see. I'm afraid to be drilled.
824,224,__label__3,"Please, but it is not too cheap. ㅠ ㅠ ㅠ ㅠ ㅠ ㅠ ㅠ ㅠ ㅠ ㅠ ㅠ ㅠㅠ"
825,225,__label__3,All New Morning New Cars Matiz Creative Chevrolet Spark Used Cars Your Choice
826,226,__label__3,I'm going to have a good time.
827,227,__label__3,Super Sesame Daily Daily
828,228,__label__3,Now vacation is also a week
829,229,__label__3,"Oh, my God"
830,230,__label__3,I am envious and I have to leave school immediately after the holiday.
831,231,__label__3,What do you mean?
832,232,__label__3,"Oh, the entertainer is glorious in this thin place."
833,233,__label__3,ㅋㅋㅋ ㅋㅋㅋ ㅋㅋㅋ ㅋㅋㅋ ㅋㅋㅋ ㅋㅋㅋ real charm is full of ㅋ ㅋ ㅋ ㅋㅋㅋ ㅋㅋㅋ Snow app
834,234,__label__3,World War II Weapons that made Japan unconditionally surrender
835,235,__label__3,꺅 꺅 꺅 What happened?
836,236,__label__3,I have not slept so much and the makeup is floating.
837,237,__label__3,sister
838,238,__label__3,Today's shine is really good
839,239,__label__3,Hakoko Mim really did stop me and I really did
840,240,__label__3,"Mirror shots are so cute My sister was originally an adult hand, but it looks like a child's hand and it's so cute I just love my hands as well as cute."
841,241,__label__3,I'm down on the floor.
842,242,__label__3,Yesung Brother
843,243,__label__3,I have a problem with the remote ticketing network server.
844,244,__label__3,My Rachel
845,245,__label__3,Elegant is the best
846,246,__label__3,I went into the steam room and went straight to the penguin room.
847,247,__label__3,"I should have uploaded yesterday, but my cunting sister's clothes are not exactly the same as the one I'm sure is the best dress."
848,248,__label__3,"Park Ji-cheon was in the afternoon at the Jamsil Lotte Hotel, a new drama drama ""The Queen of the Rooftop Room,"" directed by Lee Hee-myeon Shin Yoon-seop Han Gil-ho Production Report at Omai Gat."
849,249,__label__3,Oh
850,250,__label__3,Wow is really our leader. It's so cool. But how about a 뉸 Stargrab? ㅎ I have a Stargrab and a Stargrab. ㅋ I know Stargrab.
851,251,__label__3,I do not have an appetite that I can not control
852,252,__label__3,"ㅋ ㅋ ㅋ I think I'll do it,"
853,253,__label__3,"They are hungry, so the people do not know what to do with hogu. It makes me really scornful. My sister, the first person, and the democrat,"
854,254,__label__3,A big hit
855,255,__label__3,"The children are active in the school, both in the school and in the school, so they do not ask me every time a friend meets in the bathroom."
856,256,__label__3,It's cold and it's really cold.
857,257,__label__3,"I have to drink alcohol, but I have to sleep. Good sleep."
858,258,__label__3,"It is still before the arrival of Incheon, but the price is paid for quick customs clearance."
859,259,__label__3,The
860,260,__label__3,Really
861,261,__label__3,That's right.
862,262,__label__3,I'm afraid that you will come out in a dream.
863,263,__label__3,Ilsan Pansa Gangin
864,264,__label__3,The
865,265,__label__3,"Baxmax ice cream, which was cute, sorry and could not be eaten"
866,266,__label__3,Hermalle is the representative.
867,267,__label__3,I am very happy with my wonderful brother. ㅠ ㅠ ㅠ ㅠ ㅠ ㅠ ㅠ ㅠㅠ ㅠㅠㅠ ㅠㅠㅠ
868,268,__label__3,"In a long time, I went into the egg jjigim"
869,269,__label__3,"One day the cafe did not have a picture, and last year Neri did not wear the shirt so much, so the photo of Trigger's daily cafe, which appeared like a comet, was a shock."
870,270,__label__3,I really do not want to be spoofed as much as possible.
871,271,__label__3,I did not have a beard.
872,272,__label__3,I found this.
873,273,__label__3,growl
874,274,__label__3,Arctic Air Pod Case Dropped in Taxi
875,275,__label__3,It is a live killing today with the mountains.
876,276,__label__3,wait
877,277,__label__3,"The Seoul Homeless Health Checkup, Smartphone Payment, and the Act on the Dissection and Conservation of the Dead Body What does this mean? The homeless will not be a long-term banker walking around. It's not cancer."
878,278,__label__3,"Oh, that's too stupid."
879,279,__label__3,It's time to clean up.
880,280,__label__3,"You're really okay, you're okay. Wow, it's already been a year or a year too fast."
881,281,__label__3,What I want to say
882,282,__label__3,It's too cold.
883,283,__label__3,It's hard to cough.
884,284,__label__3,Blinding bling ㄲㅑ yet avery high waist fashion ㅋ ㅋ
885,285,__label__3,Super model contest
886,286,__label__3,gay
887,287,__label__3,"Afterwards,"
888,288,__label__3,Bui Line Snow White Princess
889,289,__label__3,My mansion is transparent. ㅠ ㅠ I'm smacking heat ㅠ ㅠ ㅠ ㅠ ㅠ ㅠ ㅠ ㅠ ㅠ ㅠ ㅠ ㅠ
890,290,__label__3,If my skill is cooking I will fight Fighting song Dancing Gambling Calculation charming writing Painting exercise
891,291,__label__3,It's a big deal. My font has changed.
892,292,__label__3,What is this? My youngest nephew. I have to take her out of her quarters the last time. I heard something. My youngest nephew.
893,293,__label__3,Only Ryou earn money earnestly.
894,294,__label__3,I have not been able to sleep in bed for two hours because of the vanilla latte half that I drank in the evening.
895,295,__label__3,brother
896,296,__label__3,I did not ask for twitter.
897,297,__label__3,Ji Min is really cute
898,298,__label__3,cute
899,299,__label__3,Unbelievable
